[
  {
    "AccountNumber": 123456789,
    "Balance": 500.00,
    "Currency": "ZAR"
  },
  {
    "AccountNumber": 987654321,
    "Balance": 100.00,
    "Currency": "ZAR"
  },
  {
    "AccountNumber": 234567890,
    "Balance": 750.00,
    "Currency": "ZAR"
  },
  {
    "AccountNumber": 345678901,
    "Balance": 300.50,
    "Currency": "ZAR"
  },
  {
    "AccountNumber": 456789012,
    "Balance": 850.25,
    "Currency": "ZAR"
  },
  {
    "AccountNumber": 567890123,
    "Balance": 420.75,
    "Currency": "ZAR"
  },
  {
    "AccountNumber": 678901234,
    "Balance": 600.90,
    "Currency": "ZAR"
  },
  {
    "AccountNumber": 789012345,
    "Balance": 150.00,
    "Currency": "ZAR"
  },
  {
    "AccountNumber": 890123456,
    "Balance": 980.60,
    "Currency": "ZAR"
  },
  {
    "AccountNumber": 901234567,
    "Balance": 550.10,
    "Currency": "ZAR"
  },
  {
    "AccountNumber": 112233445,
    "Balance": 720.30,
    "Currency": "ZAR"
  },
  {
    "AccountNumber": 223344556,
    "Balance": 230.40,
    "Currency": "ZAR"
  },
  {
    "AccountNumber": 334455667,
    "Balance": 890.15,
    "Currency": "ZAR"
  },
  {
    "AccountNumber": 445566778,
    "Balance": 320.75,
    "Currency": "ZAR"
  },
  {
    "AccountNumber": 556677889,
    "Balance": 480.20,
    "Currency": "ZAR"
  },
  {
    "AccountNumber": 667788990,
    "Balance": 600.00,
    "Currency": "ZAR"
  },
  {
    "AccountNumber": 778899001,
    "Balance": 430.50,
    "Currency": "ZAR"
  },
  {
    "AccountNumber": 889900112,
    "Balance": 770.80,
    "Currency": "ZAR"
  },
  {
    "AccountNumber": 990011223,
    "Balance": 250.75,
    "Currency": "ZAR"
  },
  {
    "AccountNumber": 1122334455,
    "Balance": 870.45,
    "Currency": "ZAR"
  },
  {
    "AccountNumber": 2233445566,
    "Balance": 540.25,
    "Currency": "ZAR"
  },
  {
    "AccountNumber": 3344556677,
    "Balance": 960.70,
    "Currency": "ZAR"
  },
  {
    "AccountNumber": 111111111,
    "Balance": 750.00,
    "Currency": "ZAR"
  },
  {
    "AccountNumber": 222222222,
    "Balance": 300.50,
    "Currency": "ZAR"
  },
  {
    "AccountNumber": 333333333,
    "Balance": 1000.25,
    "Currency": "ZAR"
  },
  {
    "AccountNumber": 444444444,
    "Balance": 450.75,
    "Currency": "ZAR"
  },
  {
    "AccountNumber": 555555555,
    "Balance": 800.00,
    "Currency": "ZAR"
  },
  {
    "AccountNumber": 666666666,
    "Balance": 150.00,
    "Currency": "ZAR"
  },
  {
    "AccountNumber": 777777777,
    "Balance": 600.50,
    "Currency": "ZAR"
  },
  {
    "AccountNumber": 888888888,
    "Balance": 950.75,
    "Currency": "ZAR"
  },
  {
    "AccountNumber": 999999999,
    "Balance": 200.00,
    "Currency": "ZAR"
  },
  {
    "AccountNumber": 121212121,
    "Balance": 550.25,
    "Currency": "ZAR"
  },
  {
    "AccountNumber": 232323232,
    "Balance": 700.75,
    "Currency": "ZAR"
  },
  {
    "AccountNumber": 343434343,
    "Balance": 400.00,
    "Currency": "ZAR"
  },
  {
    "AccountNumber": 454545454,
    "Balance": 250.50,
    "Currency": "ZAR"
  },
  {
    "AccountNumber": 565656565,
    "Balance": 1500.25,
    "Currency": "ZAR"
  }
]
