[
  {
    "CreditCardNumber": 123456789,
    "DueDate": "20/12/2023",
    "DueAmount": "2000",
    "Currency": "ZAR"
  },
  {
    "CreditCardNumber": 987654321,
    "DueDate": "10/12/2023",
    "DueAmount": "1000",
    "Currency": "ZAR"
  },
  {
    "CreditCardNumber": "1234567890123456",
    "DueDate": "20/12/2023",
    "DueAmount": "2000",
    "Currency": "ZAR"
  },
  {
    "CreditCardNumber": "9876543210987654",
    "DueDate": "10/12/2023",
    "DueAmount": "1000",
    "Currency": "ZAR"
  },
  {
    "CreditCardNumber": "5678123456789012",
    "DueDate": "15/12/2023",
    "DueAmount": "1500",
    "Currency": "ZAR"
  },
  {
    "CreditCardNumber": "3456789012345678",
    "DueDate": "25/12/2023",
    "DueAmount": "2500",
    "Currency": "ZAR"
  },
  {
    "CreditCardNumber": "2345678901234567",
    "DueDate": "05/12/2023",
    "DueAmount": "500",
    "Currency": "ZAR"
  },
  {
    "CreditCardNumber": "6789012345678901",
    "DueDate": "12/12/2023",
    "DueAmount": "1200",
    "Currency": "ZAR"
  },
  {
    "CreditCardNumber": "8901234567890123",
    "DueDate": "18/12/2023",
    "DueAmount": "1800",
    "Currency": "ZAR"
  },
  {
    "CreditCardNumber": "4567890123456789",
    "DueDate": "22/12/2023",
    "DueAmount": "2200",
    "Currency": "ZAR"
  },
  {
    "CreditCardNumber": "7890123456789012",
    "DueDate": "08/12/2023",
    "DueAmount": "800",
    "Currency": "ZAR"
  },
  {
    "CreditCardNumber": "3456789012345678",
    "DueDate": "28/12/2023",
    "DueAmount": "2800",
    "Currency": "ZAR"
  },
  {
    "CreditCardNumber": "5678901234567890",
    "DueDate": "14/12/2023",
    "DueAmount": "1400",
    "Currency": "ZAR"
  },
  {
    "CreditCardNumber": "7890123456789012",
    "DueDate": "17/12/2023",
    "DueAmount": "1700",
    "Currency": "ZAR"
  },
  {
    "CreditCardNumber": "1234567890123456",
    "DueDate": "19/12/2023",
    "DueAmount": "1900",
    "Currency": "ZAR"
  },
  {
    "CreditCardNumber": "4567890123456789",
    "DueDate": "09/12/2023",
    "DueAmount": "900",
    "Currency": "ZAR"
  },
  {
    "CreditCardNumber": "2345678901234567",
    "DueDate": "24/12/2023",
    "DueAmount": "2400",
    "Currency": "ZAR"
  },
  {
    "CreditCardNumber": "6789012345678901",
    "DueDate": "07/12/2023",
    "DueAmount": "700",
    "Currency": "ZAR"
  },
  {
    "CreditCardNumber": "3456789012345678",
    "DueDate": "29/12/2023",
    "DueAmount": "2900",
    "Currency": "ZAR"
  },
  {
    "CreditCardNumber": "5678901234567890",
    "DueDate": "11/12/2023",
    "DueAmount": "1100",
    "Currency": "ZAR"
  },
  {
    "CreditCardNumber": "7890123456789012",
    "DueDate": "16/12/2023",
    "DueAmount": "1600",
    "Currency": "ZAR"
  },
  {
    "CreditCardNumber": "1234567890123456",
    "DueDate": "26/12/2023",
    "DueAmount": "2600",
    "Currency": "ZAR"
  },
  {
    "CreditCardNumber": "1234567890123456",
    "DueDate": "20/12/2023",
    "DueAmount": "2000",
    "Currency": "ZAR"
  },
  {
    "CreditCardNumber": "9876543210987654",
    "DueDate": "10/12/2023",
    "DueAmount": "1000",
    "Currency": "ZAR"
  },
  {
    "CreditCardNumber": "5678123456789012",
    "DueDate": "15/12/2023",
    "DueAmount": "1500",
    "Currency": "ZAR"
  },
  {
    "CreditCardNumber": "3456789012345678",
    "DueDate": "25/12/2023",
    "DueAmount": "2500",
    "Currency": "ZAR"
  },
  {
    "CreditCardNumber": "2345678901234567",
    "DueDate": "05/12/2023",
    "DueAmount": "500",
    "Currency": "ZAR"
  },
  {
    "CreditCardNumber": "6789012345678901",
    "DueDate": "12/12/2023",
    "DueAmount": "1200",
    "Currency": "ZAR"
  },
  {
    "CreditCardNumber": "8901234567890123",
    "DueDate": "18/12/2023",
    "DueAmount": "1800",
    "Currency": "ZAR"
  },
  {
    "CreditCardNumber": "4567890123456789",
    "DueDate": "22/12/2023",
    "DueAmount": "2200",
    "Currency": "ZAR"
  },
  {
    "CreditCardNumber": "7890123456789012",
    "DueDate": "08/12/2023",
    "DueAmount": "800",
    "Currency": "ZAR"
  },
  {
    "CreditCardNumber": "3456789012345678",
    "DueDate": "28/12/2023",
    "DueAmount": "2800",
    "Currency": "ZAR"
  },
  {
    "CreditCardNumber": "5678901234567890",
    "DueDate": "14/12/2023",
    "DueAmount": "1400",
    "Currency": "ZAR"
  },
  {
    "CreditCardNumber": "7890123456789012",
    "DueDate": "17/12/2023",
    "DueAmount": "1700",
    "Currency": "ZAR"
  },
  {
    "CreditCardNumber": "1234567890123456",
    "DueDate": "19/12/2023",
    "DueAmount": "1900",
    "Currency": "ZAR"
  },
  {
    "CreditCardNumber": "4567890123456789",
    "DueDate": "09/12/2023",
    "DueAmount": "900",
    "Currency": "ZAR"
  },
  {
    "CreditCardNumber": "2345678901234567",
    "DueDate": "24/12/2023",
    "DueAmount": "2400",
    "Currency": "ZAR"
  },
  {
    "CreditCardNumber": "6789012345678901",
    "DueDate": "07/12/2023",
    "DueAmount": "700",
    "Currency": "ZAR"
  },
  {
    "CreditCardNumber": "3456789012345678",
    "DueDate": "29/12/2023",
    "DueAmount": "2900",
    "Currency": "ZAR"
  },
  {
    "CreditCardNumber": "5678901234567890",
    "DueDate": "11/12/2023",
    "DueAmount": "1100",
    "Currency": "ZAR"
  },
  {
    "CreditCardNumber": "7890123456789012",
    "DueDate": "16/12/2023",
    "DueAmount": "1600",
    "Currency": "ZAR"
  },
  {
    "CreditCardNumber": "1234567890123456",
    "DueDate": "26/12/2023",
    "DueAmount": "2600",
    "Currency": "ZAR"
  },
  {
    "CreditCardNumber": "9876123456789012",
    "DueDate": "20/12/2023",
    "DueAmount": "2000",
    "Currency": "ZAR"
  },
  {
    "CreditCardNumber": "1098765432109876",
    "DueDate": "10/12/2023",
    "DueAmount": "1000",
    "Currency": "ZAR"
  }
]
