[
    {
      "PolicyNumber": 123456789,
      "InsuranceType": "Life",
      "PolicyStartDate": "20/12/2023",
      "PolicyPremiumAmount": "8000",
      "NextPremiumDueDate": "20/12/2024",
      "TotalCoverAmount": "800000",
      "Currency": "ZAR"
    },
    {
      "PolicyNumber": 987654321,
      "InsuranceType": "Health",
      "PolicyStartDate": "20/12/2023",
      "PolicyPremiumAmount": "6000",
      "NextPremiumDueDate": "20/12/2024",
      "TotalCoverAmount": "600000",
      "Currency": "ZAR"
    },
    {
      "PolicyNumber": 789012345,
      "InsuranceType": "Marine",
      "PolicyStartDate": "20/12/2023",
      "PolicyPremiumAmount": "5000",
      "NextPremiumDueDate": "20/12/2024",
      "TotalCoverAmount": "100000",
      "Currency": "ZAR"
    }
  ]
  