[
  {
    "LoanNumber": 123456789,
    "LoanType": "Personal",
    "EMIDueDate": "20/12/2023",
    "EMIDueAmount": "5000",
    "RemainingTenureInMonths": 60,
    "Currency": "ZAR"
  },
  {
    "LoanNumber": 987654321,
    "LoanType": "Car",
    "EMIDueDate": "25/12/2023",
    "EMIDueAmount": "4000",
    "RemainingTenureInMonths": 40,
    "Currency": "ZAR"
  },
  {
    "LoanNumber": 123456789,
    "LoanType": "Personal",
    "EMIDueDate": "20/12/2023",
    "EMIDueAmount": "5000",
    "RemainingTenureInMonths": 60,
    "Currency": "ZAR"
  },
  {
    "LoanNumber": 987654321,
    "LoanType": "Car",
    "EMIDueDate": "25/12/2023",
    "EMIDueAmount": "4000",
    "RemainingTenureInMonths": 40,
    "Currency": "ZAR"
  },
  {
    "LoanNumber": 456123789,
    "LoanType": "Home",
    "EMIDueDate": "15/12/2023",
    "EMIDueAmount": "6000",
    "RemainingTenureInMonths": 120,
    "Currency": "ZAR"
  },
  {
    "LoanNumber": 789321456,
    "LoanType": "Education",
    "EMIDueDate": "10/12/2023",
    "EMIDueAmount": "3000",
    "RemainingTenureInMonths": 36,
    "Currency": "ZAR"
  },
  {
    "LoanNumber": 654987123,
    "LoanType": "Personal",
    "EMIDueDate": "22/12/2023",
    "EMIDueAmount": "5500",
    "RemainingTenureInMonths": 48,
    "Currency": "ZAR"
  },
  {
    "LoanNumber": 321789456,
    "LoanType": "Car",
    "EMIDueDate": "18/12/2023",
    "EMIDueAmount": "4500",
    "RemainingTenureInMonths": 30,
    "Currency": "ZAR"
  },
  {
    "LoanNumber": 987456321,
    "LoanType": "Home",
    "EMIDueDate": "08/12/2023",
    "EMIDueAmount": "6500",
    "RemainingTenureInMonths": 84,
    "Currency": "ZAR"
  },
  {
    "LoanNumber": 456789012,
    "LoanType": "Education",
    "EMIDueDate": "28/12/2023",
    "EMIDueAmount": "3200",
    "RemainingTenureInMonths": 24,
    "Currency": "ZAR"
  },
  {
    "LoanNumber": 654321987,
    "LoanType": "Personal",
    "EMIDueDate": "14/12/2023",
    "EMIDueAmount": "5100",
    "RemainingTenureInMonths": 54,
    "Currency": "ZAR"
  },
  {
    "LoanNumber": 789012345,
    "LoanType": "Car",
    "EMIDueDate": "17/12/2023",
    "EMIDueAmount": "4200",
    "RemainingTenureInMonths": 44,
    "Currency": "ZAR"
  },
  {
    "LoanNumber": 123789456,
    "LoanType": "Home",
    "EMIDueDate": "19/12/2023",
    "EMIDueAmount": "6800",
    "RemainingTenureInMonths": 96,
    "Currency": "ZAR"
  },
  {
    "LoanNumber": 321456789,
    "LoanType": "Education",
    "EMIDueDate": "09/12/2023",
    "EMIDueAmount": "3300",
    "RemainingTenureInMonths": 72,
    "Currency": "ZAR"
  },
  {
    "LoanNumber": 456987321,
    "LoanType": "Personal",
    "EMIDueDate": "24/12/2023",
    "EMIDueAmount": "5400",
    "RemainingTenureInMonths": 42,
    "Currency": "ZAR"
  },
  {
    "LoanNumber": 987321654,
    "LoanType": "Car",
    "EMIDueDate": "07/12/2023",
    "EMIDueAmount": "4100",
    "RemainingTenureInMonths": 38,
    "Currency": "ZAR"
  },
  {
    "LoanNumber": 654123789,
    "LoanType": "Home",
    "EMIDueDate": "29/12/2023",
    "EMIDueAmount": "6100",
    "RemainingTenureInMonths": 108,
    "Currency": "ZAR"
  },
  {
    "LoanNumber": 321987654,
    "LoanType": "Education",
    "EMIDueDate": "11/12/2023",
    "EMIDueAmount": "3500",
    "RemainingTenureInMonths": 32,
    "Currency": "ZAR"
  },
  {
    "LoanNumber": 789654321,
    "LoanType": "Personal",
    "EMIDueDate": "16/12/2023",
    "EMIDueAmount": "5200",
    "RemainingTenureInMonths": 50,
    "Currency": "ZAR"
  },
  {
    "LoanNumber": 123987654,
    "LoanType": "Car",
    "EMIDueDate": "26/12/2023",
    "EMIDueAmount": "4600",
    "RemainingTenureInMonths": 26,
    "Currency": "ZAR"
  },
  {
    "LoanNumber": 456654321,
    "LoanType": "Home",
    "EMIDueDate": "30/12/2023",
    "EMIDueAmount": "7000",
    "RemainingTenureInMonths": 120,
    "Currency": "ZAR"
  },
  {
    "LoanNumber": 654789012,
    "LoanType": "Education",
    "EMIDueDate": "05/12/2023",
    "EMIDueAmount": "2800",
    "RemainingTenureInMonths": 18,
    "Currency": "ZAR"
  },
  {
    "LoanNumber": 123456789,
    "LoanType": "Personal",
    "EMIDueDate": "20/12/2023",
    "EMIDueAmount": "5000",
    "RemainingTenureInMonths": 60,
    "Currency": "ZAR"
  },
  {
    "LoanNumber": 987654321,
    "LoanType": "Car",
    "EMIDueDate": "25/12/2023",
    "EMIDueAmount": "4000",
    "RemainingTenureInMonths": 40,
    "Currency": "ZAR"
  },
  {
    "LoanNumber": 456123789,
    "LoanType": "Home",
    "EMIDueDate": "15/12/2023",
    "EMIDueAmount": "6000",
    "RemainingTenureInMonths": 120,
    "Currency": "ZAR"
  },
  {
    "LoanNumber": 789321456,
    "LoanType": "Education",
    "EMIDueDate": "10/12/2023",
    "EMIDueAmount": "3000",
    "RemainingTenureInMonths": 36,
    "Currency": "ZAR"
  }
]