[
  {
    "TransactionId": 1,
    "AccountNumber": 123456789,
    "TransactionDate": "2023-07-31T00:00:00",
    "TransactionType": "Deposit",
    "Description": "Salary credit",
    "Amount": 500.00
  },
  {
    "TransactionId": 2,
    "AccountNumber": 987654321,
    "TransactionDate": "2023-07-30T00:00:00",
    "TransactionType": "Withdrawal",
    "Description": "ATM withdrawal",
    "Amount": 100.00
  },
  {
    "TransactionId": 3,
    "AccountNumber": 123456789,
    "TransactionDate": "2023-07-29T00:00:00",
    "TransactionType": "Transfer",
    "Description": "Transfer to friend",
    "Amount": 250.00
  },
  {
    "TransactionId": 4,
    "AccountNumber": 555555555,
    "TransactionDate": "2023-07-28T00:00:00",
    "TransactionType": "Deposit",
    "Description": "Bonus credit",
    "Amount": 1000.00
  },
  {
    "TransactionId": 5,
    "AccountNumber": 987654321,
    "TransactionDate": "2023-07-27T00:00:00",
    "TransactionType": "Withdrawal",
    "Description": "Grocery shopping",
    "Amount": 50000.00
  }  
]